waktu,tweets,Sentiment
2022-12-22 06:13:47,yang jalan dalam bijak laku batas giat masyarakat atau ppkm,0
2022-12-22 04:11:00,presiden isyarat mungkin laku batas giat masyarakat ppkm di indonesia bakal d,0
2022-12-22 03:21:09,presiden joko widodo jokowi beber bahwan kasus covid di indonesia dalam tahun akhir sudah terkenda,0
2022-12-21 23:25:11,presiden joko widodo jokowi rencana henti bijak laku batas giat masyarakat ppkm d,1
2022-12-21 15:29:15,presiden joko widodo jokowi beri sinyal akan henti bijak laku batas giat masyar,1
2022-12-21 07:46:26,presiden joko widodo masih nanti seluruh menteri dan lembaga kait serah kaji untuk henti keb,1
2022-12-21 07:36:10,presiden joko widodo jokowi beri sinyal bakal henti bijak laku batas giat masya,0
2022-12-20 10:24:37,perintah rencana laku batas distribusi gas lpg kg kepada masyarakat jangan sampai laku keb,0
2022-12-19 03:20:39,perintah minta timbang dengan matang soal teknis rencana batas distribusi gas lpg kg,1
2022-12-18 13:49:36,bijak sebut sesuai dengan instruksi menteri dalam negeri bahwa status laku batas giat m,0
2022-12-18 04:49:36,perintah rencana laku batas distribusi gas lpg kg kepada masyarakat jangan sampai lak,0
2022-12-13 00:00:00,perintah juga laku bijak dengan panjang terap laku batas giat masyarakat ppk,0
2022-12-22 07:52:35,lalu muncul lagi varian omicron di mana kasus hari tembus ribu saat puncak,1
2022-12-22 07:52:23,kalau itu kata laku saat itu mungkin cerita akan lain saat ini kata dia,1
2022-12-22 07:52:20,satgas covid pasti seluruh wilayah jalan laku batas giat masyarakat atau ppkm level,0
2022-12-22 07:51:59,saat itu saya ingat hampir persen menteri saran saya untuk lockdown masuk masyarakat kata dia,1
2022-12-22 07:51:47,jokowi kembali cerita soal diri yang pernah tolak bijak lockdown saat varian delta masuk ke indonesia,1
2022-12-22 07:51:28,nyata presiden soal cabut ppkm pada akhir tahun ini nilai bahaya oleh epidemiolog kondisi p,1
2022-12-22 07:50:56,ppkm ya,0
2022-12-22 07:50:31,mungkin nanti akhir tahun kita akan nyata henti psbb batas sosial skala besar ppkm kita,1
2022-12-22 07:49:17,ppkm jelang nataru demi tangkal naik kasus covid,1
2022-12-22 07:48:11,telah laksana giat patroli dalam rangka laksana ppkm level batas mobilitas pindah masyaraka,0
2022-12-22 07:47:05,telah laksana giat patroli gabung dalam rangka laksana ppkm level batas mobilitas pindah ma,0
2022-12-22 07:46:39,ayo setop ppkm wkwk,1
2022-12-22 07:45:00,ppkm apa yh aku lupaa,1
2022-12-22 07:44:39,di cina bijak zerocovid kendor lalu mulai muncul berita atau omong bhw karena kendor itu makanya ka,1
2022-12-22 07:44:00,jokowi akan henti ppkm gibran kenapa enggak dari dulu baca lengkap di sini,1
2022-12-22 07:43:13,umum ini sampai jokowi susul kasus hari yang sudah makin landai,1
2022-12-22 07:43:06,dtunggu saldo nya  mo ppkm lagi ini,1
2022-12-22 07:42:12,presiden jokowi ppkm selesai akhir tahun,1
2022-12-22 07:41:16,presiden joko widodo beri sinyal untuk cabut segala batas sosial akibat covid,0
2022-12-22 07:40:20,lanjut saja ppkm sampai tanggung,0
2022-12-22 07:38:18,gibran dukung jokowi cabut ppkm virus sudah lunak,0
2022-12-22 07:35:22,telah laksana giat patroli gabung sama polsek sumberlawang dalam rangka laksana ppkm level i memb,0
2022-12-22 07:33:48,pemr sedang mgkaji untuk hapus ppkm eh ada cuit ky gin napa sih dia,1
2022-12-22 07:33:43,dickhead budiman asli ngeselin sih dia ga mau ppkm akhir,0
2022-12-22 07:30:00,aku udah bulan rumah doang enggak kemanamana sama sekali mana nganggur bingung gaada temen kerjaa,1
2022-12-22 07:28:40,planga plongo kaya meong wkwkwkw makas masbu sudah rescue si ppkm,1
2022-12-22 07:28:05,sabar cabut ppkm perintah minta tunggu telah nataru,1
2022-12-22 07:27:09,pernah gasih lu bingung banyak banget kerja terus bingung mau yang mana dulu akhir lu bengong doang ppkm planga plon,1
2022-12-22 07:27:08,jokowi akan henti ppkm apakah telah gugat rakyat gugat lanjut kok pak link,1
2022-12-22 07:26:18,jokowi isyarat ppkm akhir tahun depan,1
2022-12-22 07:22:54,ppkm ga ppkm gada beda juga di sini sejak tengah tahun  masker saja los sudah capek nih ,0
2022-12-22 07:22:34,anggota koramil sambungmacan laksana patroli ppkm level untuk kak disiplin prokes di wilayah kec sambu,1
2022-12-22 07:20:34,uda ga ingat sama ppkm apalagi pandemi pokok kudu full senyum,1
2022-12-22 07:20:03,rahmad mau prokes dan vaksinasi tak kendur saat ppkm cabut,1
2022-12-22 07:18:55,mengapa bukan ahli virus yang umum ya hati hati jokowi nyata akhir tahun henti ppkm wow keren,1
2022-12-22 07:18:44,ya saya ingin hapus ppkm cepat saja tapi kami tunggu instruksi lanjut negaranegara lain ka,1
2022-12-22 07:16:15,ramadhan idhul fitri ppkm mulai lagi gitu ya maksud nya,0
2022-12-22 07:14:09,video ppkm bakal setop presiden joko widodo masih tunggu kaji menteri sehat,1
2022-12-22 07:14:08,jokowi ingin cabut bijak ppkm legislator pan beri catat ini,1
2022-12-22 07:13:44,sedang ppkm di depan kulkas indomaret ,1
2022-12-22 07:13:44,smg dberi ktaban sampai dckupkn dari rejeko lain aminn  ini pntingnya sistem honor d hapus sampai dpercepat utk,0
2022-12-22 07:13:04,ga sadar kalo masih ppkm,0
2022-12-22 07:12:55,vaksinasi booster buat publik makin lindung dari covid jika ppkm cabut,0
2022-12-22 07:11:02,lihat trend kasus covid di indonesia yang terus turun presiden joko widodo rencana akan henti ppkm maupun,1
2022-12-22 07:10:58,masa gua minggu ppkm mulu,0
2022-12-22 07:10:25,gibran aku senang dengan rencana perintah pusat yang akan henti bijak ppkm,1
2022-12-22 07:08:30,tuju hapus ppkm semua sdh bebas yang tidak vaksin vaksin booster kalau kena virus ya tetap ke,0
2022-12-22 07:07:23,jokowi nyata akhir tahun perintah bakal cabut ppkm desember ibuibu snowdrop hug me,1
2022-12-22 07:06:55,janji jam tapi jam gin blom ada kabar gua ppkm bgt ini di depan gedung teknik,1
2022-12-22 07:05:17,loh dari kemarin itu ppkm pikir sudah normal,0
2022-12-22 07:04:01,iya jangan nnti april ppkm lgi,1
2022-12-22 07:03:03,janji ga ppkm,1
2022-12-22 07:02:41,ppkm pernah percaya kemudian sesal,1
2022-12-22 07:01:31,anggota dpr minta rencana jokowi hapus ppkm kaji matang,1
2022-12-22 07:01:06,wali kota solo gibran rakabuming raka sepakat hadap bijak perintah pusat yang mungkin akan henti,1
2022-12-22 07:00:00,lihat trend kasus covid di indonesia yang terus turun presiden joko widodo rencana akan henti ppk,1
2022-12-22 06:57:57,ppkm thorr,0
2022-12-22 06:57:44,presiden joko widodo jokowi bicara tentang kasus covid yang mulai kendali jokowi nyata mungkin ppkm a,0
2022-12-22 06:57:01,rahmad beri catat khusus kait rencana cabut ppkm,0
2022-12-22 06:53:09,cabut ppkm nilai bagai upaya pulih ekonomi hadap ancam resesi namun dengan catat penting ter,0
2022-12-22 06:51:49,memang dejun benar deh wajah kun jd ppkm,1
2022-12-22 06:51:36,yooo kuat yooo indonesia sehat bisa hadap naik turun pandemi covid moga akhir ppkm akhir tahun ini,1
2022-12-22 06:49:48,telah laksana giat patroli ppkm level dan monitoring antri bbm di spbu wilayah kec sumberlawang a,1
2022-12-22 06:48:10,operasi yustisi wilkum polsek firdaus dalam rangka tingkat disiplin dan tega hukum protokol sehat se,1
2022-12-22 06:45:36,ppkm planga plongo kayak monyet iya aing,1
2022-12-22 06:44:57,ishoma dulu guys di masjid ini jadi ingat waktu jaman ppkm waktu itu mau sholat jumat di libur jadi sholat,1
2022-12-22 06:44:03,status ppkm level pemko pekanbaru silah warga riah natal dan tahun baru,1
2022-12-22 06:40:20,cabut ppkm politikus pan who belum lepas status pandemi,1
2022-12-22 06:35:25,presiden jokowi beri sinyal kuat ppkm akan nyata henti di akhir tahun ini arti klo ga ada ppkm lag,1
2022-12-22 06:34:38,perintah akan cabut ppkm pada akhir tahun indonesia bebas covid,1
2022-12-22 06:34:31,woow hari gin masih ada ppkm saya kagak percaya masih ada copadcopid bukti ribu orang u,1
2022-12-22 06:22:21,ppkm segera akhir jokowi tunggu kaji kemenkes,0
2022-12-22 06:19:44,sekarang tahun saja gue mas ppkm planga plongo kaya monyet buset,1
2022-12-22 06:19:32,ppkm pelan pelan kena mental,1
2022-12-22 06:18:26,kini jokowi sebut kasus hari sudah turun ke angka situasi yang kian kendali ini yang buat jokowi,1
2022-12-22 06:18:24,sehingga dia klaim situasi yang sangat sulit sebut dapat kelola dengan baik,0
2022-12-22 06:18:23,untung kita saat itu masih tenang tidak gugup tidak gelagap kata jokowi,1
2022-12-22 06:17:17,jokowi mungkin ppkm akan henti pada akhir tahun,1
2022-12-22 06:15:05,status ppkm bakal cabut saleh daulay ingat perintah soal ini,1
2022-12-22 06:14:49,presiden joko widodo jokowi bicara tentang kasus covid yang mulai kendali jokowi nyata mungkin,0
2022-12-22 06:13:42,jokowi lawan pandemi menag yaqut cholil qoumas kata tak ada batas jumlah jemaat di gereja saat ibadah n,1
2022-12-22 06:13:09,anggota dpr paham rencana henti ppkm antara news bengkulu,1
2022-12-22 06:12:35,presiden jokowi beri sinyal positif kait henti status ppkm yang rencana mulai akan laku a,0
2022-12-22 06:11:40,selalu ngerasa feeling lonely ya karena w gaada giat apa apa temen temen pada kuliah pacar juga kerja dangka,0
2022-12-22 06:10:45,dpr minta perintah kaji cara matang soal hapus ppkm news,1
2022-12-22 06:10:44,rencana cabut ppkm legislator pan harap landas kaji matang via,0
2022-12-22 06:10:19,apakah hotel buka saat ppkm darurat,1
2022-12-22 06:10:04,saleh daulay tanggap rencana cabut status ppkm oleh jokowi,0
2022-12-22 06:09:15,situasi seperti itu harus kita ingat betapa sangat sulit kata dia,1
2022-12-22 06:09:02,komisi ix minta perintah beri arah yang jelas belum cabut ppkm,1
2022-12-22 06:08:30,kalo udah ga jaman ppkm mending sekarang follback aku ,1
2022-12-22 06:05:58,ppkm ya meg planga plongo kayak meong,1
2022-12-22 06:00:00,pakar sehat iakmi imbau bijak hapus ppkm tunggu februari,1
2022-12-22 05:44:31,apa beda kita sama tepung kalo tepung serba guna kalo kita serba salah apalagi kita sering ppkm pl,1
2022-12-22 05:44:13,ppkm,0
2022-12-22 05:38:52,masih jaman ppkm,0
2022-12-22 05:36:21,ppkm plonga plongo kayak meong,1
2022-12-22 05:36:20,ppkm kiss,1
2022-12-22 05:36:03,hari hari gue ppkm,1
2022-12-22 05:34:00,henti ppkm jadi tanda terus landa kasus covid,0
2022-12-22 05:31:34,jokowi akan setop ppkm bagaimana situasi covid indonesia saat ini,1
2022-12-22 05:29:44,kasus covid landai jokowi akhir tahun ini ppkm akan henti,1
2022-12-22 05:27:44,arti stock sarpras butuh medis covid sdh habis makanya ppkm mau akhir alhamdulillah par,1
2022-12-22 05:25:58,akhir tahun perintah nyata ppkm henti,1
2022-12-22 05:23:32,gue bangun dari tidur siang trs tbtb sedihh ya allah beneran sudah demis dari bem fisip ya gaada lagi habis ini nongs,0
2022-12-22 05:18:33,peluang ppkm cabut idi waspada tetap harus ada,1
2022-12-22 05:13:46,jokowi akan henti ppkm apakah telah gugat rakyat gugat lanjut kok pak link ,1
2022-12-22 05:13:08,jokowi akan cabut ppkm epidemiolog status darurat covid jangan,1
2022-12-22 05:09:02,ppkm bakal henti dpr ingat jangan euforia lebih,1
2022-12-22 05:00:55,tahun baru bakal ada ppkm ga ya soal pas kemarin ada yang nikah enggak ada ppkm,1
2022-12-22 05:00:23,saya s dengan cabut ppkm di nkri sudah harus dengan prokes tetap terap meng,1
2022-12-22 04:59:30,hero ppkm ini skt bgt y,1
2022-12-22 04:57:31,presiden ri wacana henti ppkm di akhir tahun,1
2022-12-22 04:56:49,alhamdulillah ini kabar baik kasus covid di indonesia makin landai dan ada mungkin ppkm akan segera akhir,0
2022-12-22 04:56:45,moga saja pandemi ini memang segera usai iring dg turun kasus positif covid di indonesia moga ppkm juga bisa seg,1
2022-12-22 04:56:42,hanya tinggal tunggu kaji dari kemenkes maka presiden jokowi akan teken putus henti ppkm masuk siap pa,1
2022-12-22 04:56:40,lom sejak tadi saya hanya ppkm,0
2022-12-22 04:55:37,wah alhamdulillah pak jokowi akan sudah laku ppum bakal siap payung hukum juga,1
2022-12-22 04:55:20,kabar baik presiden jokowi beri sinyal akhir masa ppkm dan selesai pandemi akhir tahun ini tinggal nunggu hasil kaji dr,1
2022-12-22 04:55:16,kasus covid tinggi kota malang ppkm level,0
2022-12-22 04:54:38,saiki bmkg ora ppkm neh,1
2022-12-22 04:53:27,akhir tahun ini ppkm di indonesia akan henti epedemiolog prediksi juta duduk china akan kena covid da,1
2022-12-22 04:52:38,pertama kali dateng ke event sendiri ppkm ga ya,1
2022-12-22 04:52:31,iyah nih ppkm wkwk tapi kan tetap enak nuna kalo dideketin enggak mau lepas,1
2022-12-22 04:50:51,dan kata dalam beberapa minggu ke depan ppkm akan cabut lah ada ppkm saja anak krl udah kaya begitu,1
2022-12-22 04:50:51,tapi ntar kalo idul fitri muncul lagi wacana ppkm basi,1
2022-12-22 04:49:33,pak jangan ragu terap cabut bijak ppkm yang sudah tidak relevan dg situasi duduk indonesia dg tingkat,1
2022-12-22 04:48:30,ppkm boleh henti tapi meeting online tetap lanjut pleaseeeee,0
2022-12-22 04:48:24,benar banget kucing ku kena scabies ku salep sama semprot sembuh minggu kemudian tumbuh lg,0
2022-12-22 04:47:59,hanya tinggal tunggu kaji dari kemenkes maka presiden jokowi akan teken putus henti ppkm masuk m,1
2022-12-22 04:47:10,perintah minta beri arah dan imbau kepada masyarakat kena penting jaga sehat lewat prog,1
2022-12-22 04:47:04,presiden jokowi rencana tak lanjut bijak batas giat masyarakat ppkm di indonesia pada akhir t,1
2022-12-22 04:46:48,lama ppkm,0
2022-12-22 04:46:27,moga saja pandemi ini memang segera usai iring dg turun kasus positif covid di indonesia moga ppkm juga b,1
2022-12-22 04:45:09,kabar baik presiden jokowi beri sinyal akhir masa ppkm dan selesai pandemi akhir tahun ini tinggal nunggu hasil,1
2022-12-22 04:45:08,isyarat cabut ppkm demokrat dorong jokowi umum indonesia bebas covid,0
2022-12-22 04:45:03,kemarin jokowi bilang akhir tahun henti ppkm,1
2022-12-22 04:45:01,mantep pak jokowi siap payung hukum henti ppkm di seluruh indonesia,1
2022-12-22 04:44:35,kurang lebih sama kayak kamu lagi planga plongo saja ppkm ,1
2022-12-22 04:43:48,alhamdulillah ini kabar baik kasus covid di indonesia makin landai dan ada mungkin ppkm akan segera b,0
2022-12-22 04:43:05,nih alhamdulillah ya pak jokowi udha bilang dan beri kode juga kalau kasus covid akan akh,0
2022-12-22 04:39:10,presiden sudah minta hasil kaji dari menteri sehat dan menteri koordinator bidang ekonomi seba,1
2022-12-22 04:37:28,perintah rencana setop laku ppkm akhir tahun ini karena sebar kovid di indonesia makin ken,1
2022-12-22 04:36:55,presiden joko widodo beri sinyal akan segera cabut atur ppkm di seluruh indonesia pada akhir tahun ,1
2022-12-22 04:36:49,presiden kata bakal terbit payung hukum henti ppkm upa putus presiden keppres,1
2022-12-22 04:35:52,untung kita saat itu masih tenang tidak gugup tidak gelagap kata jokowi sehingga dia klaim situasi yan,1
2022-12-22 04:34:52,perintah rencana setop laku batas giat masyarakat ppkm akhir tahun ini iring makin ter,1
2022-12-22 04:34:34,presiden jokowi beri sinyal untuk cabut segala batas sosial akibat covid susul kasus hari yang seka,0
2022-12-22 04:34:02,hah kita masih ppkm,0
2022-12-22 04:33:56,airlangga hartarto lama satu tahun terahir indonesia alami turun tular covid,0
2022-12-22 04:33:46,ppkm pusing pusing ken macarinleesoohyuk,1
2022-12-22 04:33:31,presiden jokowi bakal cabut bijak ppkm epidemiolog jangan ragu tidak relevan dengan situasi duduk indones,0
2022-12-22 04:32:19,perintah bakal cabut ppkm epidemiolog jamin pandemi kendali meski mobilitas naik,1
2022-12-22 04:31:03,baru sadar di buku mayat pertama yang bangkit buat nyerang si lengan buntung itu mayatmayat ppkm plongapl,1
2022-12-22 04:30:27,huft mau jadi admin ppkm saja bisa,1
2022-12-22 04:29:00,laku vaksin agar indonesia bebas dari covid dan segera bebas dari ppkm daerah,0
2022-12-22 04:27:45,dokter ikan juru parkir dan empropjuber bentar lagi pasti ngetweet gin jangan buru dan gegabah pak presiden,1
2022-12-22 04:27:14,presiden joko widodo jokowi nyata indonesia akan segera akhir bijak batas sosial skala bes,1
2022-12-22 04:25:02,jokowi siap cabut ppkm dan psbb,1
2022-12-22 04:22:28,minggu lagi kita tutup bln desember ini dengan libur tenang no ppkm ketat habis waktu sama keluarga dan,0
2022-12-22 04:20:16,ppkm plonga plongo kaya m,1
2022-12-22 04:15:16,ada tidak covid gantung putus politik rezim jika rezim ini mau dengar para ahli pandemi dan para viro,1
2022-12-22 04:12:27,nah jd nanti kalo ppkm di stop apakah arti perintah tidak lagi tanggung biaya obat covid dan,1
2022-12-22 04:12:00,itu orang senang klo orang di ppkm ntar negara ngajuin anggar ribu t biar boleh ngutang juga da,1
2022-12-22 04:07:59,cabut ppkm saja tidak cukup perintah juga hrs aku dengan lapang dada ada korban kipi yang alami cacat atau ida,1
2022-12-22 04:07:26,dinkes prov kalsel sampai status ppkm level untuk tangan covid lanjut dari desember hingga ,0
2022-12-22 04:06:59,ppkm henti jelang nataru ini kabar baik kabar buruk yang bilang itu si onoh jadi rakyat harus siap kem,1
2022-12-22 04:06:37,jam layan operasional cabang tetap ikut tentu sesuai jam layan nasabah kantor caba,0
2022-12-22 04:06:35,ppkm level brp,0
2022-12-22 04:05:34,mari kadinkes kalsel status ppkm lanjut agar semua tetap jaga prokes status laku bata,0
2022-12-22 04:03:07,pukul wib sd selesai telah laksana giat patroli gabung dalam rangka laksana ppkm level memba,1
2022-12-22 04:03:02,presiden jokowi beri sinyal cabut ppkm pada akhir tahun fokus presiden joko widodo beri sinyal akan seger,1
2022-12-22 04:02:30,mulai sudah denger hbis libur nataru mau ada ppkm remuk lagi ekonomi ,1
2022-12-22 04:01:48,anies safari politik kmana cengngesan juga ga ada ppkm,1
2022-12-22 04:01:36,pkl wib sd selesai telah laksana giat patroli gabung sama polsek sumberlawang dalam rangka pelaks,1
2022-12-22 04:01:02,pandemi bngan ini akan end karena ini kah ,1
2022-12-22 04:00:06,mau me time tapi kalo g ada temen ngobrol jadi kayak ppkm sendiri ,1
2022-12-22 03:57:28,ya allah cuma beda bulan sama aku aku thn mas suka ppkm,1
2022-12-22 03:55:52,presiden jokowi minta segera akhir ppkm epidemiolog ugm sudah tidak ada urgensi,0
2022-12-22 03:54:16,ppkm plonga plongo kayak momo,1
2022-12-22 03:52:42,sekarepmu atep ppkm arep opo ora penting blas,1
2022-12-22 03:52:38,nonton live outlook ekonomi pak presiden dan ada terang ppkm psbb bakal henti akhir tahun enggak bayang,1
2022-12-22 03:48:12,hbd wyatb gbu gws gpp y gt y hbu ppkm ppki bpupki pppk merdeka,1
2022-12-22 03:46:57,enggak soal aku plonga plongo kayak monyet alias ppkm,1
2022-12-22 03:46:20,telah laksana giat patroli yustisipenyekatan laksana ppkm level i untuk batas mobilitas pindah,1
2022-12-22 03:45:53,presiden joko widodo beri sinyal akan segera cabut atur laku batas giat masyarakat ppkm,0
2022-12-22 03:44:49,dasar kadrun ada ppkm protes enggak ada protes juga hidup lu ribet banget drun kadrun,1
2022-12-22 03:42:50,kalaupun ppkm ini misal mau cabut saya kira ya tunggu telah nataru nanti kita akan lihat juga jangan lupa,0
2022-12-22 03:41:50,telah laksana giat patroli dalam rangka laksana ppkm level batas mobilitas pindah masyarakat d,0
2022-12-22 03:41:26,gue thn masih ppkm,1
2022-12-22 03:40:17,telah laksana giat patroli gabung sama polsek sumberlawang dalam rangka laksana ppkm level bata,0
2022-12-22 03:39:37,ppkm ntr nyambung saat umat islam seperti hari rayamaulid nabi dan yang hubung dengan islam baru klu,1
2022-12-22 03:39:10,siap cabut ppkmpsbb jokowi mungkin akhir tahun,0
2022-12-22 03:36:47,pdhl bos nya mau cabut ppkm g ada proyek lagi,1
2022-12-22 03:36:12,ya sudah langsung terbit sj endak usah malu pasti endak akan ada apa tanpa ppkm ini,1
2022-12-22 03:34:57,telah laksana giat patroli ppkm level dan monitoring antri bbm di spbu wilayah kec sragen anggota,1
2022-12-22 03:34:56,ya sudah langsung terbit sj endak usah malu pasti endak akan ada apa tanpa ppkm ini putus pali,1
2022-12-22 03:34:43,salam reformasi rakyat kurang asupan gizi di paksa vaksinasi harga harga butuh pokok makin tinggi,1
2022-12-22 03:32:17,lbran kmrn emng ppkm,1
2022-12-22 03:31:32,emng ramadhan kmrn ppkm,1
2022-12-22 03:29:22,kalaupun ppkm ini misal mau cabut saya kira ya tunggu telah nataru nanti kita akan lihat juga jangan,0
2022-12-22 03:27:32,bktya kmrn idul fitri nrmal waepdhl sblmy si mamad blng ppkm cuma tuk muslim ajajngn selalu prasangka mlulu,1
2022-12-22 03:27:26,telah laksana giat patroli dalam rangka laksana ppkm level batas mobilitas pindah masyarakat,0
2022-12-22 03:25:07,lah memang sekarang masih ppkm ,0
2022-12-22 03:23:38,koordinator laku batas giat masyarakat ppkm luar jawabali airlangga hartarto sebut indonesia,0
2022-12-22 03:23:00,anggota komisi ix dpr lucy kurniasari dukung rencana perintah cabut laku batas giat masyar,1
2022-12-22 03:22:14,njir kayak di au au wkwkwk perhati wajah tampan pacar sampai ppkm planga plongo kayak meong,1
2022-12-22 03:17:54,aku yang umur masih ppkm plonga plongo kaya monyet,1
2022-12-22 03:17:13,pada hari kamis desember pkl wib sd selesai telah laksana giat patroli laksana ppkm lev,1
2022-12-22 03:14:05,presiden joko jokowi widodo kata laku batas giat masyarakat ppkm akan hapus pada akhir tahun in,1
2022-12-22 03:12:26,buka line langsung ppkm alias plangaplongo kayak miaw sungguh berat brader,1
2022-12-22 03:11:26,telah laksana giat patroli gabung sama polsek golong dalam rangka laksana ppkm level i batas,0
2022-12-22 03:10:53,ketua idi saran tetap pakai masker meski tak ada lagi ppkm,1
2022-12-22 03:08:43,telah laksana giat patroli gabung sama polsek sumberlawang dalam rangka laksana ppkm level membat,0
2022-12-22 03:00:59,syukur indonesia lebih baik ppkm bahkan mau akhir controlled covid policy lebih baik dari zero covid policy,1
2022-12-22 02:59:39,salam reformasi hasilhasil nya rakyat kurang asupan gizi gitu kok malah di tambah ppkm p,1
2022-12-22 02:58:15,ngangongango spt sdang ppkm,1
2022-12-22 02:56:05,telah laksana giat patroli gabung sama polsek sumberlawang dalam rangka laksana ppkm level l dan m,0
2022-12-22 02:55:21,dia ga bahas di china nya jadi rame rakyat ngamuk mau ppkm lagih di copitin lagih yang ngamu,1
2022-12-22 02:52:36,telah laksana giat patroli situasi wilayah ppkm level i dan monitoring antri bbm di spbu wilayah koram,1
2022-12-22 02:52:06,dan awal tahun mulai ppkm lagi,1
2022-12-22 02:51:16,lebaran ada skenario ppkm lagi ga ya tanya opung,1
2022-12-22 02:50:45,presiden jokowi rencana henti laku batas giat masyarakat ppkm di indonesia pada akhir tahun ,1
2022-12-22 02:50:00,jokowi bilang akhir tahun perintah cabut ppkm akademisi hatihati ,1
2022-12-22 02:48:54,ini gua sudah dikit lagi saja masih ppkm alias plonga plongo ky monyet kerja gua ya cuma mjd penonto,1
2022-12-22 02:48:54,jangan coba coba mau ramadhan dan idulfitri ppkm lagi,0
2022-12-22 02:43:58,telah laksana giat patroli ppkm level dan monitoring antri bbm di spbu wilayah kec gondang anggota,1
2022-12-22 02:41:29, main di timlin ya pirsa seluruh aset gambar kalean akan pampang nyata di timlin  kubu yang nebak jug,1
2022-12-22 02:40:08,telah laksana giat patroli gabung dalam rangka laksana ppkm level batas mobilitas pindah,0
2022-12-22 02:39:14,i  m so shocked akhir yang gue baca itu mahasiswa beijing pd marah karena ada massive ppkm di sana sudah kayak lock do,1
2022-12-22 02:36:41,cabut ppkm bukan arti juang lawan covid telah capai finis masih di ambang garis finis pencab,1
2022-12-22 02:33:40,pelda suwardi koramil sukodono brsm bripka agtri utomo dan bripka riyanto polsek sukodono laksana giat,1
2022-12-22 02:29:15,giat operasi jaya patroli skala sedang dan operasi yustisi ppkm level,1
2022-12-22 02:27:05,indonesia akan akhir pandemi covid hari ini kemarin kasus hari kita ada di angka dan mungkin nanti akhir,0
2022-12-22 02:24:45,ini beneran ppkm mau hapus alhamdulillah,1
2022-12-22 02:24:30,telah laksana giat patroli ppkm level dan monitoring antri bbm di spbu wilayah koramil sumberlawa,1
2022-12-22 02:24:13,kirain ppkm,0
2022-12-22 02:23:55,terlalu sering ppkm,1
2022-12-22 02:23:34,oh ini yang ppkm plonga plongo kaya meong,1
2022-12-22 02:16:58,ppkm cabut pemprov ikut bijak presiden via,1
2022-12-22 02:13:32,charles dukung langkah rencana cabut ppkm level,0
2022-12-22 02:12:29,telah laksana giat operasi yustisipenyekatan laksana ppkm level dalam batas mobilitas perpindaha,0
2022-12-22 02:09:34,jelang puasa dan lebaran ppkm lghasyuuuu ancene,1
2022-12-22 02:04:25,nanti pas musim mudik lebaran idul fitri ppkm lagi kyknya seperti yang sudah sudah ,0
2022-12-22 02:04:18,wkwkkw jadi ppkm,1
2022-12-22 02:03:03,ppkm planga plongo kayak monyet,1
2022-12-22 01:57:36,jiwa masih remaja soksokan mau jadi org dewasa  cpk bgt aku saja yang otw punya ktp cuma pp,1
2022-12-22 01:52:00,kabar gembira bagi seluruh masyarakat indonesia jokowi bakal nyata henti ppkm ,1
2022-12-22 01:49:30,kabar gembira bagi seluruh masyarakat indonesia jokowi bakal nyata henti ppkm emily limbo casemiro mo,1
2022-12-22 01:49:26,kabar gembira bagi seluruh masyarakat indonesia jokowi bakal nyata henti ppkm emily limbo casem,1
2022-12-22 01:45:25,rencana perintah cabut ppkm direspon epidemiolog,0
2022-12-22 01:44:56,mana cuma ppkm lagi muka plonga plongo kaya monyet,1
2022-12-22 01:44:54,ppkm plonga plongo kaya meong ,1
2022-12-22 01:43:22,ayoo kak bsreng yaa biar kita ga ppkm sendiri sendiri,1
2022-12-22 01:41:49,jokowi beri sinyal ppkm bakal cabut akhir tahun karena alas ini,0
2022-12-22 01:37:37,ada tidak covid gantung putus politik rezim jika rezim ini mau dengar para ahli pandemi dan para v,1
2022-12-22 01:34:35,presiden jokowi singgung mungkin akhir tahun akan henti laku ppkm,1
2022-12-22 01:33:03,jangan gesa hapus ppkm,1
2022-12-22 01:32:14,ppkm bakal stop presiden joko widodo masih tunggu kaji menteri sehat liput,1
2022-12-22 01:30:54,kabar gembira bagi seluruh masyarakat indonesia jokowi bakal nyata henti ppkm hype boy black eye offic,1
2022-12-22 01:30:49,kabar gembira bagi seluruh masyarakat indonesia jokowi bakal nyata henti ppkm hype boy black eye,1
2022-12-22 01:30:46,selamat pagi dunia tiputipu ingat tanpa tes tanpa ppkm tanpa sunti toxic sangka vaksin serta sertifikat tolol,1
2022-12-22 01:30:22,kamu bego ngg bisa bedain soal virus ma ppkmbotol,0
2022-12-22 01:20:12,akhir tahun ini ppkm di indonesia akan henti epedemiolog prediksi juta duduk china akan kena,1
2022-12-22 01:11:49,loh memang masih ada ppkm,1
2022-12-22 01:11:27,nanti ppkm lagi jelang bulan ramadhan,0
2022-12-22 01:11:02,cabut ppkmpsbb jokowi mungkin akhir tahun,0
2022-12-22 01:10:00,percaya ijin dulu sama opung luhut yeah ,0
2022-12-22 01:00:00,top news koran rakyat merdeka bijak ppkm bakal cabut senayan dukung presiden,1
2022-12-22 00:59:12,ppkm mungkin akan stop di akhir tahun ini iya di akhir yang sisa hari ini presiden timbang kemung,1
2022-12-22 00:56:02,presiden ungkap mungkin ppkm cabut akhir tahun ini epidemiolog usul agar cabut laku set,0
2022-12-22 00:48:09,jokowi baru mau henti ppkm aceh sudah merdeka sejak dua tahun lalu,1
2022-12-22 00:46:36,wkwkwkwkwk gua pernah rasa itu gpp ppkm planga plongo kayak meng,1
2022-12-22 00:43:06,demokrat dukung ingin jokowi cabut ppkm,1
2022-12-22 00:39:26,memang sekarang masih ppkm yah ,1
2022-12-22 00:37:12,ppkm oppa,1
2022-12-22 00:35:18,jabat selesai proyek selesai klo periode mungkin ppkm lagi yang pegang proyek sehat harus makan ,0
2022-12-22 00:32:50,sssstttt itu tes ombak saja klo acara ga sukses itu ppkm bakal panjang sampe akhir hayat,1
2022-12-22 00:32:30,presiden jokowi sebut ppkm bakal akhir pada akhir tahun ini lewat,1
2022-12-22 00:27:23,tinggi vaksinasi saja tidak seperti vaksinasi booster kurang dari vaksinasi belum,0
2022-12-22 00:20:00,wih seperti bijak psbb dan ppkm bakal henti dalam waktu dekat,0
2022-12-22 00:17:43,presiden jokowi rencana henti laku batas giat masyarakat ppkm di indonesia pada akhir t,1
2022-12-22 00:15:23,jokowi beri sinyal ppkm cabut tahun depan tanda ri bebas covid kalau lihat statis,0
2022-12-22 00:13:30,pak jangan ragu terap cabut bijak ppkm yang sudah tidak relevan dg situasi duduk indonesia dg,1
2022-12-22 00:03:37,trus awal tahun lanjut lagi ppkm ,1
2022-12-22 00:02:26,mari kadinkes kalsel status ppkm lanjut agar semua tetap jaga prokes status laku,0
2022-12-21 23:56:27,siap cabut ppkm jokowi minggu ini kaji sudah harus saya terima agar,0
2022-12-21 23:52:30,dia rowoonnya ppkm ,1
2022-12-21 23:49:48,jangan terlalu gesa hapus ppkm sampai psbb presiden lihat kembang di china dulu,1
2022-12-21 23:46:58,dinkes prov kalsel sampai status ppkm level untuk tangan covid lanjut dari desember hingg,0
2022-12-21 23:45:57,iya harus gitu tunggu saja sampe gugat rakyat sementara update gugat sam,1
2022-12-21 23:40:51,akhir tahun henti ppkmjelang ramadhan ppkm lagi antek dajjal,0
2022-12-21 23:38:22,besok ppkm,1
2022-12-21 23:31:02,status ppkm akan cabut akhir tahun ini hingga ahli sebut bharada e korban,0
2022-12-21 23:29:59,anggota komisi ix dpr ri fraksi nasdem irma suryani nilai sudah saat perintah move on dari ppkm,1
2022-12-21 23:28:00,di henti karena mau natal dan tahun baru ya pak nanti klw sdh mau idul fitri di lanjut lagi virus sa,1
2022-12-21 23:24:34,perintah minta warga jaga protokol sehat saat raya malam tahun baru masih ppkm level,1
2022-12-21 23:11:03,presiden jokowi kata diri masih tunggu kaji dari kemenko ekonomi di bawah airlangga dan ter,1
2022-12-21 23:05:09,bulan ppkm planga plongo kaya monyet di rumah,1
2022-12-21 23:00:00,alah rakyat indonesia aneh awal ga percaya covid tengah puncak pada tertib pake masker tertib p,1
2022-12-21 22:56:24,pak presiden kalaupun ppkm cabut baik prokes tetap ada minimal masker pandemic is not over yet,1
2022-12-21 22:51:49,ppkm plonga plongo kaya marzuki,1
2022-12-21 22:51:06,maba tanya ini ke ak semalem ak ppkm plonga plongo kayak monyet ,1
2022-12-21 22:44:16,selamat pagi presiden akan terbit keppres pengentian ppkm dan psbb sebentar lagi,1
2022-12-21 22:33:05,presiden joko widodo isyarat bakal cabut atur ppkm di indonesia akhir tahun ini jokowi sebut saat i,1
2022-12-21 22:27:39,giat patroli gabung dalam rangka laksana ppkm level batas mobilitas pindah masyarakat dan pemant,1
2022-12-21 22:07:25,sinyal jokowi henti ppkm akhir tahun ini,1
2022-12-21 22:04:42,demo se indonesia tiba bikin atur ppkm jokowi bukan takut rakyat kena covid jo,1
2022-12-21 21:47:46,itu lanjut apa nder ppkm plonga plongo kaya monyet kah soal potong meme nya,1
2022-12-21 21:00:02,psbb dan ppkm presiden akhir tahun mungkin cabut saksi kabar pagi sama rizky darmansyah sampai anggia ebony p,1
2022-12-21 20:55:50,ppkm planga plongo kayak monster,1
2022-12-21 20:54:25,ppkm di stop karena bebas kopit ppkm di stop karena dana habis,1
2022-12-21 20:46:20,presiden jokowi nyata indonesia akan keluar dari pandemi covid akhir tahun dan menghent,1
2022-12-21 20:46:10,presiden jokowi nyata indonesia akan keluar dari pandemi covid akhir tahun dan m,1
2022-12-21 20:23:56,alhamdulillah akhir tahun ppkm akhir mari sambut dengan langkah optimis telkomsel i innalilli i aminah cendr,1
2022-12-21 20:23:50,alhamdulillah akhir tahun ppkm akhir mari sambut dengan langkah optimis telkomsel i innalilli i aminah c,1
2022-12-21 20:14:14,mungkin jika tidak ada ppkm orang ini sudah lengser sejak,1
2022-12-21 20:11:03,anggota komisi ix dpr sebut bijak ppkm sudah layak cabut,1
2022-12-21 19:59:29,top story rabu pukul l wib sd selesai telah dilaksanak,1
2022-12-21 19:46:24,sudah tepat dan agar telah batas ppkm cabut surveilans kasus covid tingkat sadar m mas,0
2022-12-21 18:52:34,rabu pukul l wib sd selesai telah laksana giat patroli dalam rangka laksana ppkm le,1
2022-12-21 18:44:39,tiap hari ppkm,1
2022-12-21 18:40:58,pada rabu desember pkl wib sd selesai telah laksana giat patroli gabung sama polsek sumber,1
2022-12-21 18:36:23,mau  buatin gue buku pandu dan kosakata wibu biar enggak ppkm ngobrol sama trio wibu,1
2022-12-21 18:30:00,presiden jokowi nyata indonesia akan keluar dari pandemi covid akhir tahun dan men,1
2022-12-21 18:24:45,dampak cabut ppkm untuk tumbuh ekonomi,0
2022-12-21 18:23:04,sejati ini laga davos vs cina oligarki marah sawit kalah di wto karena halang anies dan balas dengan t,1
2022-12-21 18:17:01,saat ini kota jakarta pasuk laku batas giat masyarakat ppkm level hitung desember ja,1
2022-12-21 18:16:50,rabu tgl desember pkl wib sd selesai telah laksana giat patroli dalam rangka laksana ppkm,1
2022-12-21 18:15:43,rabu tgl desember pukul wib sd selesai serka joko waliman koramil sukodono sama bripka wahyu m,1
2022-12-21 17:42:52,jokowi siap payung hukum henti ppkm di seluruh indonesia,1
2022-12-21 17:38:08,vatikan bersih dari agen kabal khazaria balas atas paus yang asli masuk bersih agen kabal d ci,0
2022-12-21 17:32:52,ini makhluk sekolah pasti sering ppkm,1
2022-12-21 17:31:10,nomor saya hangus karena hilang di krl mau reaktivasi keburu pandemi dan ppkm ketat akhir kmrn ke,1
2022-12-21 17:23:37,bor belah open bo special service mbah maryono vs istri orang,0
2022-12-21 17:22:04,kaya sih giat ku ppkm doang deh,1
2022-12-21 17:18:31,kalah di wto soal sawit marah larang ekspor nikel cabut ppkm padahal dompleng agenda davos kopit demi period ,1
2022-12-21 17:14:48,sedang kembali laku aktivitas masa ppkm yaitu tonton videovideo tentang aquascape ikanikan dan hewanh,0
2022-12-21 17:12:35,kocak bgt gue ppkm,1
2022-12-21 17:11:04,jokowi rencana cabut ppkm akhir tahun ini,1
2022-12-21 17:09:16,kok bisa enggak suka ppkm sudah,1
2022-12-21 17:07:57,fokus di cabut ppkm mulai berani kayak nih kalau ini tanda ikut xi maka periode,0
2022-12-21 17:07:19,mudah ppkm tidak kembali di bulan rhomadhon,1
2022-12-21 17:07:15,presiden jokowi nyata indonesia akan keluar dari pandemi covid akhir tahun ,1
2022-12-21 16:53:41,apakah jakarta ppkm,0
2022-12-21 16:50:40,jokowi akhir tahun ini mungkin ppkm akan henti,1
2022-12-21 16:45:21,diliatliat si monyet ni ppkm minjem muka km yh jung,1
2022-12-21 16:40:45,akibat asyik wfh dan ppkm,0
2022-12-21 16:39:26,junjung vaksin dan ppkm bicara,0
2022-12-21 16:37:53,bodoh di seluruh dunia sudah ga ada ppkm china telat buka makanya ada immunity debt,1
2022-12-21 16:36:10,baca au galau smpil dengerin sptifyppkm,0
2022-12-21 16:32:59,dinkes kepri dukung rencana cabut ppkm dan psbb,0
2022-12-21 16:30:00,epidemiolog ugm sepakat dengan presiden jokowi segera akhir ppkm,0
2022-12-21 16:28:31,giat patroli dalam rangka laksana ppkm level i batas mobilitas pindah masyarakat tempat di wil,0
2022-12-21 16:25:18,ga ada ppkm lagi mau tahu alas silah baca di link ini ya,1
2022-12-21 16:17:20,sudah tepat dan agar telah batas ppkm cabut surveilans kasus covid tingkat kesadara,0
2022-12-21 16:15:47,presiden jokowi rencana henti ppkm ketua idi minta surveilans epidemiologi tetap laku,0
2022-12-21 16:15:32,ini hari ke delapan ttp ppkm sama bengong doang btw hari ini libur g ada kelas heheh,1
2022-12-21 16:10:36,tahun depan tahun new normal cepat vaksinasi telah selesai akhir desember status ppkm dan psbb akan cabut terimakasih semua,1
2022-12-21 16:08:31,tanda natal sdh dekat hahaha muslim palsu kao kodok ,1
2022-12-21 16:08:21,jokowi mungkin akhir tahun kita nyata henti ppkm,0
2022-12-21 16:07:52,kakkk aku siap ppkm,1
2022-12-21 16:05:29,asik dong kenapa gu ppkm wjwkkw,0
2022-12-21 16:02:24,pkl wib sd selesai telah laksana giat patroli gabung dalam rangka laksana ppkm level batas,0
2022-12-21 16:02:00,jokowi akan setop ppkm karena indonesia sudah masuk endemi,1
2022-12-21 16:01:20,ppkm planga plongo kyak m,1
2022-12-21 16:00:59,pkl wib sd selesai telah laksana giat patroli dalam rangka laksana ppkm level batas mob,0
2022-12-21 16:00:36,ppkm benar gue cok ,1
2022-12-21 15:59:20,jokowi umum mungkin ppkm akhir hingga insentif kendara listrik,1
2022-12-21 15:54:35,semua orang ngobrol aku doang yang ppkm,0
2022-12-21 15:52:19,rabu tgl desember pukul wib sd selesai telah laksana giat patroli situasi wilayah ppkm le,1
2022-12-21 15:49:46,krucils ppkm,0
2022-12-21 15:46:49,rabutgl desember pukul wib sd selesai telah laksana giat patroli situasi wilayah ppkm lev,1
2022-12-21 15:43:48,gugat ppkm lengkap ada dalam artikel,0
2022-12-21 15:43:20,sebut ppkm akan henti di akhir tahun begini jelas presiden jokowi,1
2022-12-21 15:39:13,tren kasus covid terus turun perintah kaji henti ppkm ,1
2022-12-21 15:37:43,february kembali laku lagi ppkmdan sudah di planning,0
2022-12-21 15:34:30,tahu informasi bagi di wilayah jabar dasar level di,1
2022-12-21 15:33:35,rabu pkl wib sd selesai telah laksana giat patroli dalam rangka laksana ppkm level ,1
2022-12-21 15:23:53,wonu ppkm planga plongo kayak meong,1
2022-12-21 15:22:31,rencana ppkm mau henti akhir tahun apakah aplikasi peduli lindung masih perlu,1
2022-12-21 15:19:57,harus ga kasih tahu saja biar blio itu ppkm,1
2022-12-21 15:19:57,lu mah ppkm,0
2022-12-21 15:17:57,ppkm nya nanti geser pas ramadhan sampai idul fitri gilir nataru bebas biasa kan gitu laku rezim islamofobi,0
2022-12-21 15:16:04,camkaman aku lagi ppkm nnie,1
2022-12-21 15:15:55,sedang ppkm,0
2022-12-21 15:14:16,rabu tgl desember pukul wib sd selesai serka joko waliman sama aiptu sugiman dan bripka azis mela,1
2022-12-21 15:12:42,jokowi tunggu kaji menteri pekan ini untuk stop ppkm belum akhir tahun,1
2022-12-21 15:07:45,zero covid policy justru enggak bangun imunitas komunal mbak dengan batas,0
2022-12-21 15:04:04,ramadhan lebaran balik lagi ya ppkm nya,1
2022-12-21 15:02:21,kalah di wto soal sawit marah larang ekspor nikel cabut ppkm padahal dompleng agenda davos kopit demi perio,1
2022-12-21 14:59:27,dari dulu tidak ada kata ppkm bagi saya,1
2022-12-21 14:58:35,polusi sudah lumayan kurang kirain karena ppkm eh nyata karena pada pake motor listrik ,1
2022-12-21 14:55:54,giat patroli ppkm level dan monitoring antri bbm di spbu wilayah kec kalijambe anggota koramil kalij,1
2022-12-21 14:54:31,kalo pun ppkm renti kek gue akan tetap pake masker,1
2022-12-21 14:47:48,pada selasa desember pkl wib sd selesai telah laksana giat patroli gabung dalam rangka pela,1
2022-12-21 14:47:32,giat patroli dalam rangka laksana ppkm level batas mobilitas pindah masyarakat tempat di wila,0
2022-12-21 14:47:27,pada hari selasa desember pkl wib sd selesai telah laksana giat patroli dalam rangka laksa,1
2022-12-21 14:46:30,jokowi sebut psbb dan ppkm akan henti akhir tahun,1
2022-12-21 14:45:26,sekarang ngintilin lagi kan lu pak nggk mode profesional nggk ppkm lagi,1
2022-12-21 14:40:44,ikut bingung ppkm,0
2022-12-21 14:38:18,biar enggak ppkm,1
2022-12-21 14:37:15,memang masih ada ppkm min  dan kalau ada kenapa acara kota itu bisa jalan dengan ribu unjung yang,1
2022-12-21 14:37:04,dan mungkin bila nanti kita kan temu lagi ,0
2022-12-21 14:34:12,brarti kemarin yang mantu besar langgar ppkm eh hatihati juga yang bicara si dia,1
2022-12-21 14:31:36,bisa ppkm planga plongo kya monyet,1
2022-12-21 14:28:39,pada hari rabu tanggal desember pkl wib sd selesai telah laksana giat patroli ppkm level ,1
2022-12-21 14:20:07,kagak ikut deh kalau hadap pandemi covid apalagi virus versi delta takut bro sebab musuh kagak ada wujud nya,0
2022-12-21 14:19:43,mau dengerin lagu ya allah tanpa tws aku ppkm,1
2022-12-21 14:19:34,ppkmplanga plongo kaya monyet,1
2022-12-21 14:19:31,dan menteri jokowi juga hebat apalagi opung luhut wkwk yang dulu jaman ppkm selalu hujat habis  tapi tanpa r,1
2022-12-21 14:18:57,menteri koordinator bidang ekonomi airlangga hartarto jelas bahwa indonesia sudah pasuk fase endemi f,1
2022-12-21 14:18:45,susah ketemu dosen ke kampus cuma ppkm alias plonga plongo kayak monyet,1
2022-12-21 14:17:56,kalo mau aju buat nambah kapasitas teather ke pihak tenant fx saja  tolong lah kalian,1
2022-12-21 14:17:31,yuk zou enak ppkm,1
2022-12-21 14:17:29,akhir dateng juga hari sedih pada pamit gin  makasih sudah nemenin kegabutan lama ppkm enggak bs kmana  u,1
2022-12-21 14:16:50,presiden jokowi tunjuk ancangancang akan cabut bijak ppkm level isyarat pe,1
2022-12-21 14:15:27,presiden jokowi tunjuk ancangancang akan cabut bijak ppkm level isyarat cabut bijak itu di,1
2022-12-21 14:06:19,ri bebas covid jokowi akhir tahun psbb dan ppkm henti,1
2022-12-21 14:05:18,dia ppkm planga plongo kaya mantu,1
2022-12-21 14:04:01,the wailing ni film macam apa anjir endingnya bikin ppkm,0
2022-12-21 14:03:47,iyaa benar benar bgt ini aku lagi whatsapp teman aku yang di hk aku mau tanya masalah covid yang di,1
2022-12-21 14:03:13,anggota komisi ix dpr ppkm sudah layak cabut download aplikasi inilahcom untuk mendapa,1
2022-12-21 14:00:36,ppkm planga plongo kemudian nang,1
2022-12-21 13:53:05,epidemiolog ugm tuju jokowi cabut ppkm akhir tahun,0
2022-12-21 13:50:51,lo dua ppkm saja sama gue gue sudah bhagia sama metawin,1
2022-12-21 13:48:49,mampus ppkm lu,1
2022-12-21 13:48:28,indihome lot telkomsel lot waktu ppkm,0
2022-12-21 13:45:56,kalau ppkm sudah akhir nanti kalian masih tetap pake masker enggak kalo keluar rumah atau di tempat umum,0
2022-12-21 13:44:42,asyik ppkm sebentar lagi akhir ,0
2022-12-21 13:43:33,ppkm cabut angin segar bagi ekonomi,0
2022-12-21 13:40:00,mungkin nanti di akhir tahun kita akan nyata henti ppkm ujar jokowi di jakarta rabu ,1
2022-12-21 13:39:17,giat camat coblong hadir rapat batas forkopimdasatuan tugas cepat tangan covid kota bandung s,1
2022-12-21 13:38:54,kait hapus ppkm epidemiolog minta perintah tunggu hingga awal tahun hal ini utama untuk me,1
2022-12-21 13:35:52,asik banget dik soal udah puluh purnama ppkm ,0
2022-12-21 13:27:03,mau natal dan tahun baru ppkm dijabut mau idul fitri ppkm ada dasar presiden jembut,1
2022-12-21 13:24:34,ppkm longgar tingkat kosong hotel di jakarta turun persen,1
2022-12-21 13:20:31,ppkm planga plongo kelar maraton,1
2022-12-21 13:19:05,me rn ppkm planga plongo kaya monyet,1
2022-12-21 13:17:00,selamat tinggal ppkm menko ekonomi airlangga hartarto sebut bahwa indonesia sudah masuk fase endemi cov,0
2022-12-21 13:15:09,yah wkskakka gajadi nonton yaudah gapapa drpd sono ppkm ,0
2022-12-21 13:14:08, gatau itu nyuruh bicara mereka guilty atau innocent dan gue ppkm,0
2022-12-21 13:12:34,ppkm akhir kadin minta perintah buat peta jalan transisi ke endemi,1
2022-12-21 13:05:05,cuci muka dulu oppa biar enggak ppkm ,1
2022-12-21 13:05:04,batas tiada acu pada instruksi menteri dalam negeri kemendagri yakni laku batas kegiata,0
2022-12-21 13:03:22,skz tidak kenal apa itu ppkm mepet,1
2022-12-21 13:01:10,first time aku jadi pengki langsung ppkm ,1
2022-12-21 13:00:47,maaf kak adel aku enggak ngerti aku akan ppkm saja ,1
2022-12-21 13:00:02,jokowi janji keppres henti psbbppkm terbit minggu ini,0
2022-12-21 12:56:29,awal ragu terap batas giat duduk karena alas ekonomi telah terap psbb lalu ppk,0
2022-12-21 12:56:25,tidak ada laku batas jumlah jemaat ibadah natal hal ini karena saat ini ppkm ada pada level s,1
2022-12-21 12:55:37,jokowi rencana hapus ppkm akhir tahun via,1
2022-12-21 12:46:39,lama ini cakup booster masih stagnan,1
2022-12-21 12:46:22,jongin festival apa kok gue ppkm,0
2022-12-21 12:45:46,sibuk ppkm,0
2022-12-21 12:45:16,iya vaksin itu permenkes syarat vaksin untuk transportasi publik permenhub buat ppkm upa,1
2022-12-21 12:44:21,jokowi ingin cabut bijak ppkm lucy kurniasari bilang layak dukung,1
2022-12-21 12:43:09,oalah gitu tadi aku lihat yang ppkm kepingin mark trs lihat yang ini mau mark wkwk,1
2022-12-21 12:42:58,sibuk ppkm ,0
2022-12-21 12:39:59,iya mau nataru ntar balik ppkm kalo mau lebaran wekwekwkek ,1
2022-12-21 12:39:51,kabar baru kaji dari menteri soal mungkin henti ppkm akan selesai pekan ini dan lanjut akan hasil,1
2022-12-21 12:39:39,kita bagi ppkm sas,0
2022-12-21 12:38:43,kalo kendara umum kayak pesawat dan kereta juga atur dalam ppkm juga kah,0
2022-12-21 12:38:07,presiden jokowi sebut perintah mungkin akhir ppkm,1
2022-12-21 12:38:07,acu vaksin untuk tempat publik itu ppkm mesti sih batas juga hilang tapi memang buka,1
2022-12-21 12:37:57,saat ini tingkat kebal masyarakat indonesia sudah relatif tinggi iring cakup vaksinasi yang terus luas epidem,1
2022-12-21 12:37:16,maaf guys pacar gue memang agak ppkm,0
2022-12-21 12:35:20,gilir denji yang ppkm  oke jadi aku dapat makan gratis enggak ,1
2022-12-21 12:33:18,jangan neng dulu sih soal bapak presiden akan keluar keppres kait dengan henti ppkm,1
2022-12-21 12:32:37,ungkap presiden joko widodo dan menko bidang ekonomi airlangga hartarto perintah akan segera henti,0
2022-12-21 12:32:30,ppkm planga plongo kaya monyet,1
2022-12-21 12:32:11,kalo uda mati lampu jd ppkm,0
2022-12-21 12:31:07,jokowi ahir tahun henti ppkm awal tahun mulai lagi ppkm gaya baru,1
2022-12-21 12:29:35,ramadhan dan lebaran ppkm lagi ya pak,1
2022-12-21 12:28:30,heleeeh knp nunggu akhir tahun yang krmarin mantu besar brarti langgar ppkm donk,0
2022-12-21 12:27:51,ppkm plonga plongo kaya meong,1
2022-12-21 12:27:40,jokowi nyata ppkm akan henti ri masuk fase endemi covid,1
2022-12-21 12:27:33,perintah rencana cabut status ppkm begini kata kadin,0
2022-12-21 12:27:21,batas tiada acu pada instruksi menteri dalam negeri kemendagri yakni laku batas k,0
2022-12-21 12:27:21,muhadjir ppkm seperti tak ada ri keluar pandemi cara de facto,1
2022-12-21 12:27:20,jokowi sebut mungkin ppkm tak lagi terap iring dengan tren kasus covid yang terus landai akhir tahun dica,0
2022-12-21 12:25:45,ko saya baca ppkm habis taun baru mau panjang,1
2022-12-21 12:25:29,biar asal jangan mau romadhon mulai lagippkm nya,0
2022-12-21 12:24:23,itu ppmm dong bukan ppkm ,1
2022-12-21 12:23:01,ppkm akan segera akhir begini jelas dari menko ekonomi airlangga hartarto sampai presiden joko widodo ,0
2022-12-21 12:20:44,ppkm tiap baru bangun,1
2022-12-21 12:20:09,rabu pkl wib polsek asih giat kryd patroli ppkm level covid cegah c antisipasi k,1
2022-12-21 12:20:05,ppkm plonga plongo lihat mereka lantas tatap sinis dua dan tak lupa pukul merek,0
2022-12-21 12:20:00,langkah sebut laku ingat situasi pandemi covid di tanah air sudah makin landai kondisi sehat,1
2022-12-21 12:18:31,jokwoi sebut ppkm mungkin akan henti akhir tahun ini,1
2022-12-21 12:16:00,habis ppkm taun lalu,0
2022-12-21 12:14:28,cabut ppkm saja tidak cukup perintah juga hrs aku dengan lapang dada ada korban kipi yang alami cacat at,1
2022-12-21 12:13:21,oalah masih tour ya kak ih asik banget sekarang lagi tour mana kalau aku aku masih ppkm kakak planga plongo kayak monyet ,1
2022-12-21 12:11:06,laut manusia yang ngerubungi juga nggk ada ppkm,1
2022-12-21 12:10:35,jokowi bakal henti ppkm di akhir epidemiolog memang sudah tidak ada urgensi,1
2022-12-21 12:10:34,serba salah ma eluppkm salahberhenti ppkm salahmau lo apa sih drun tololll,0
2022-12-21 12:09:02,dulu juga ribut istilah mudik dan pulang kampung pas ppkm ribut juga ppkn dan karantina memang tolol,1
2022-12-21 12:07:30,berita baik ppkm akan akhir berita buruk yang umum jokowi,0
2022-12-21 12:06:35,anak baru lahir ppkm langsung,1
2022-12-21 12:06:33,nama jun ahli ppkm planga plongo kaya mnyt maaf kalau ga sesuai arti target pasar bukan kamu,0
2022-12-21 12:03:25,akhir tahun henti ppkm nanti ramadhan jelang lebaran ppkm lagiato covid meningkatdah basipakdepakde,1
2022-12-21 12:01:18,blinkers klo sudah urus jisoo mah ppkm alias planga plongo kayak monyed,1
2022-12-21 12:01:10,byebye ppkm menko airlangga pandemi sudah jadi endemi  detik   ,1
2022-12-21 12:00:15,enak bgt jarak kursi kaya pas ppkm awal,1
2022-12-21 11:58:59,kaya agak gamungkin anjir kalo yang apply dikit kwkwkwk apa mungkin ppkm mulai naik lagi,0
2022-12-21 11:58:09,catat jokowi akan henti ppkm akhir tahun,1
2022-12-21 11:56:37,jaehyeon itu beneran anak ppkm bgt ya,1
2022-12-21 11:56:11,jokowi kasih sinyal akhir tahun ini ppkm kelar,1
2022-12-21 11:54:27,lama di dunia masih ada kasus ppkm akan laku lagi,1
2022-12-21 11:48:16,anggota komisi ix dpr ppkm sudah layak cabut download aplikasi inilahcom untuk mend,1
2022-12-21 11:47:06,hahah bnr bgt padahal sudah tahu seluk beluk tapi pura pura ppkm saja,1
2022-12-21 11:39:17,benar cuman gara habis ppkm c jadi euforia rasa gede kalo,0
2022-12-21 11:38:19,presiden jokowi hingga jumlah menteri bicara soal situasi pandemi covid di indonesia begini sorot,0
2022-12-21 11:32:37,sebenernya sudah sangat telat bukan memang sudah waktu indonesia sudah sangat layak masuk fase endemi sejak akhir ,1
2022-12-21 11:32:37,dinkes kepri dukung rencana perintah cabut ppkm dan psbb,1
2022-12-21 11:32:32,cabut ppkm bisa gairah ekonomi di daerah,0
2022-12-21 11:32:12,kaji henti ppkm akan selesai pekan ini airlangga hartarto kata ini arti pandemi sudah ubah jadi,1
2022-12-21 11:31:07,ppkm lagi,0
2022-12-21 11:30:47,ppkm akan segera akhir begini jelas dari menko ekonomi airlangga hartarto sampai presiden joko widodo,0
2022-12-21 11:26:02,lagi hajat virus karantina selesai hajat ppkm main lagi,0
2022-12-21 11:24:52,bijak ppkm dan psbb mungkin setop akhir tahun begini manfaat ke ekonomi yang papar menkeu s,1
2022-12-21 11:22:15,waktu ppkm alias planga plongo kaya meong,1
2022-12-21 11:21:30,ppkm alias plonga plongo kayak monyet,1
2022-12-21 11:21:08,akhir tahun mungkin perintah nyata ppkm henti dan tidak laku lagi,0
2022-12-21 11:18:41,chaewooonie terima kasih sudah kenal pada taj yaaah  klo enggak mungkin aku bakal ppkm ,1
2022-12-21 11:16:10,kasus covid baik jokowi akan cabut ppkm,0
2022-12-21 11:12:32,klo gin mah w mnding sklh dh aseli drpd libur w jd bokek ud mn ppkm plonga plongo kaya monyet,1
2022-12-21 11:10:15,nyari mountain dew kayak nyari masker pas ppkm susah bet,0
2022-12-21 11:10:03,laku batas giat masyarakat ppkm level untuk untuk kota palangka raya kalimantan tengah kalte,0
2022-12-21 11:05:23,menag nyata tidak ada batas jumlah jemaat di gereja saat ibadah natal turut menag batas tiada,1
2022-12-21 11:01:17,jokowi akan terbit keppres henti ppkm pekan ini,1
2022-12-21 11:01:01,ppkm plonga plongo ky monyet,1
2022-12-21 10:57:38,dewi persik enggak kapok digosipin politik,1
2022-12-21 10:54:45,kita lihat apakah akhir tahun ini benar ppkm akan hapus dan plandemi nyata usai,0
2022-12-21 10:51:13,putus ini masih tunggu hasil kaji dari menteri sehat,1
2022-12-21 10:44:48,pandemi sdh ubah jd endemi menteri koordinator bangun manusia dan budaya menko pmk muhadjir effendy menil,1
2022-12-21 10:44:44,astungkara moga cabut status pandemi ini jadi kado akhir tahun yang manis,1
2022-12-21 10:41:56,gue sih senangsenang saja kalo ppkm akhir hanya rada khawatir nanti laju vaksinasi makin mengendor,1
2022-12-21 10:41:17,sebenernya sudah sangat telat bukan memang sudah waktu indonesia sudah sangat layak masuk fase endemi sejak a,1
2022-12-21 10:40:11,love yu indihome bikin aku ppkm,1
2022-12-21 10:40:01,jokowi buka mungkin akhir ppkm muhadjir cara de facto indonesia sudah keluar dari pandemi,1
2022-12-21 10:39:28,adatdk ada ppkm enggak ngaruh pak tapi kami ttp btuh ppkm biar ttp ada wfh,1
2022-12-21 10:37:22,akhir tahun henti pas ramadhan ppkm lagi,0
2022-12-21 10:36:28,presiden jokowi rencana terbit keppres tentang henti ppkm minggu ini gimana teman motion mau buat planning,0
2022-12-21 10:36:27,kan anjing gue ppkm planga plongo kaya monyet,1
2022-12-21 10:34:33,mungkin hanya sisa negara aj dunia ini yang msh laku ppkm,1
2022-12-21 10:33:41,bakal terbit keppres cabut ppkm jokowi tunggu kaji kemenkes selesai minggu ini,1
2022-12-21 10:33:09,anjir tadi twitter error gua ppkm anying,1
2022-12-21 10:30:11,kemarin waktu nikah putra mahkota enggak peduli covid apalagi ppkm  sekarang kok malah ngebahas ppkm,1
2022-12-21 10:30:00,jokowi menteri akan selesai kaji henti ppkm pada pekan ini,1
2022-12-21 10:29:13,alhamdulillah kabar baik nih  sinyal kuat dari presiden ppkm bakal henti akhir tahun ini,1
2022-12-21 10:27:44,ppkm bakal hapus jokowi sri mulyani dadak happy,1
2022-12-21 10:27:32,epidemiolog ugm sepakat dengan wacana jokowi akhir ppkm sebut sudah tak ada urgensi lagi,0
2022-12-21 10:27:02,jokowi akhir tahun ini ppkm akan henti,1
2022-12-21 10:23:55,yaa pesta kemarin memang ada ppkm,1
2022-12-21 10:23:54,apindo respons baik bijak presiden jokowi yang akan hapus ppkm,1
2022-12-21 10:23:20,asosiasi dagang sambut baik rencana perintah cabut ppkm,0
2022-12-21 10:22:22,presiden jokowi rencana terbit keppres tentang henti ppkm minggu ini gimana teman motion mau buat p,0
2022-12-21 10:22:09,anggota komisi ix dpr fraksi nasdem nurhadi minta perintah laku evaluasi cara tahap jika ingin menghe,1
2022-12-21 10:20:51,khusus akhir tahunnatal dan tahun baru ppkm tiada ada lagi nanti jelang bulan puasa hahaha,1
2022-12-21 10:16:40,ppkm di studio sendiri drtd bingung mau ngapain,1
2022-12-21 10:14:21,dari pas ada nikah anak lu juga ppkm sudah kelar,1
2022-12-21 10:14:05,henti ppkm tapi ganti ama lockdown  moga saja nyata ga sambar org lain atau minimal g,1
2022-12-21 10:12:13,presiden joko widodo ungkap perintah rencana cabut status laku batas giat masyaraka,0
2022-12-21 10:10:23,plonga plongo koyok munyuk ppkm,1
2022-12-21 10:09:39,giat patroli dalam rangka laksana ppkm level batas mobilitas pindah masyarakat dan monitoring antr,0
2022-12-21 10:02:32,ppkm bakal henti jokowi tunggu kaji kemenkes dan kemenko ekonomi,1
2022-12-21 09:58:33,giat patroli dalam rangka laksana ppkm level batas mobilitas pindah masyarakat tempat diwilay,0
2022-12-21 09:57:44,menteri koordinator bidang ekonomi airlangga aku telah lapor bagai kesiap perintah belum ppk,1
2022-12-21 09:55:55,giat patroli gabung sama polsek sumberlawang dalam rangka laksana ppkm level i batas mobilitas per,0
2022-12-21 09:53:11,menko pmk muhadjir nilai cara de facto indonesia sudah keluar dari pandemi covid ppkm seperti tidak ada ini sebab,1
2022-12-21 09:51:52,menko pmk muhadjir nilai cara de facto indonesia sudah keluar dari pandemi covid ppkm seperti tidak ada in,1
2022-12-21 09:49:44,polsek benowo patroli ppkm level cegah langgar protokol sehat,1
2022-12-21 09:49:00,presiden joko jokowi widodo kata laku batas giat masyarakat ppkm akan hapus pada akh,1
2022-12-21 09:48:34,rutinitas tugas waspada ppkm level satu di wilayah bina  babinsa peduli ,1
2022-12-21 09:45:05,kami informasi kembali kcp mayor oking masuk ke dalam level ppkm ya namun kait tutup antre c,1
2022-12-21 09:43:55,dpr dukung perintah cabut ppkm level di akhir tahun,1
2022-12-21 09:43:44,nambah dua minggu sinting dan ppkm bareng miko di kost,1
2022-12-21 09:42:07,joko widodo akan terbit keppres henti ppkm pekan ini,1
2022-12-21 09:39:44,awal tahun telah libur nataru mungkin ppkm lagi ,1
2022-12-21 09:39:19,lihat saja nantippkm tidak laku saat jelang nataltapi nnti di bulan rhomadhon jika dibe,1
2022-12-21 09:38:26,ganti jadi ppkm baru,1
2022-12-21 09:37:26,presiden jokowi akhir tahun mungkin perintah akan henti ppkm,1
2022-12-21 09:31:49,sampai jumpa di ppkm edisi lebaran,1
2022-12-21 09:30:22,presiden jokowi nyata mungkin ppkm akan akhir pada akhir tahun,1
2022-12-21 09:29:39,perintah putus untuk tiada ppkm level pada desember atau satu harimasyarakat yang sudah vaksinasi b,1
2022-12-21 09:29:10,ppkm planga plongo kayak meong alias waw wew wow,0
2022-12-21 09:28:28,perintah putus untuk tiada ppkm level pada desember atau satu harimasyarakat yang sudah vaks,1
2022-12-21 09:25:42,pak jokowi akan menandatangi henti ppkm moga dengan tidak ada ppkm maka tidak ada lagi penola,1
2022-12-21 09:22:30,perintah keluar status endemi cara resmi dan cabut ppkm komentar kamu talk ahli virologi udayana bal,1
2022-12-21 09:21:59,lahhh masih ppkm  natal sampai tahun baru tidak ada covid jadi aman sentosa ,1
2022-12-21 09:21:27,perintah keluar status endemi cara resmi dan cabut ppkm komentar kamu talk ahli virologi udayana,1
2022-12-21 09:20:20,syukur virus baik apalgi akhir tahun dlm suasana nataru dan libur jd tidak ada ppkm sangat bahagia,1
2022-12-21 09:19:36,jokowi henti psbb dan ppkm akhir tahun ini,1
2022-12-21 09:18:21,jokowi menteri akan selesai kaji henti ppkm pada pekan ini bumninc,1
2022-12-21 09:14:10,jokowi beri sinyal setop status ppkm,1
2022-12-21 09:14:08,kasus covid landai presiden jokowi akhir tahun ini ppkm akan henti kasus covid di indonesia dipastik,1
2022-12-21 09:08:42,ppkm planga plongo kaya mukidi,1
2022-12-21 09:08:40,kasus covid landai jokowi akan akhir psbb ppkm pada akhir lewat,1
2022-12-21 09:08:15,ayooo bikin kakk aku ppkm btul enih,1
2022-12-21 09:07:13,gimana kalo besok pas event kita ppkm bareng,1
2022-12-21 09:07:02,camat mandalajati ikut rapat batas forkopimda satu tugas cepat tangan covid kota bandung sec,1
2022-12-21 09:06:02,kasus covid landai presiden jokowi beri sinyal cabut segala batas sosial akibat covid seperti pemberlakua,0
2022-12-21 09:05:40,turut epidemiolog ugm ppkm di indonesia sudah tidak urgen lagi,0
2022-12-21 09:05:30,bu mohon maaf bu kita tahu cepat atau lambat cerita ini akan tamat tapi m,1
2022-12-21 09:05:25,kasus covid terus tunjuk turun tren di akhir tahun catat hingga selasa desember kemarin k,1
2022-12-21 09:04:45,ini lah presiden yang tak tahu diri anak kau kawin aman saja,1
2022-12-21 09:03:03,kaji henti ppkm umum pekan ini angin segar ekonomi nasional,1
2022-12-21 09:02:47,sudah baca koqnanti jelang ramdhan ppkm tanpa henti sampai lebaran,1
2022-12-21 09:02:37,pandemi sdh ubah jd endemi menteri koordinator bangun manusia dan budaya menko pmk muhadjir effendy,1
2022-12-21 08:59:33,asik renti ppkm akhir taun tapi tetap gabisa kemanamana karena duit opso d,0
2022-12-21 08:56:55,pesta lagi dong pak pesta yu biar wacana ppkm nya undur sampe ,1
2022-12-21 08:51:54,presiden republik indonesia joko widodo atau jokowi ungkap bahwa indonesia akan segera akhir bijak pembatasa,0
2022-12-21 08:48:40,dokter ikan juru parkir dan empropjuber bentar lagi pasti ngetweet gin jangan buru dan gegabah pak pres,1
2022-12-21 08:47:08,kasus covid landai presiden jokowi beri sinyal cabut segala batas sosial akibat covid seperti p,0
2022-12-21 08:46:04,landai jokowi beri sinyal ppkm henti akhir,0
2022-12-21 08:46:04,ppkm cabut legislator pd dorong jokowi umum ri bebas covid detiknews,1
2022-12-21 08:44:25,memang ada beda ppkm dan ga ppkm,1
2022-12-21 08:43:52,akhir tahun henti ppkmawal maret jelas puasa ramadhan bagaimana bang ,1
2022-12-21 08:43:42,ayaka ppkm,1
2022-12-21 08:43:26,epidemiolog nilai ppkm sudah tidak milik nilai urgensi untuk lanjut,1
2022-12-21 08:42:58,henti ppkm makna lanjut di bulan puasa dan lebaran kali,1
2022-12-21 08:40:38,ga bosen bosen bilang ppkm plonga plongo kaya monyet,1
2022-12-21 08:38:18,ada kabar baik jokowi beri sinyal ppkm henti akhir tahun ,1
2022-12-21 08:37:05,jokowi perintah di akhir tahun mungkin nyata ppkm henti,1
2022-12-21 08:35:41,memang ppkm akhir kapan,1
2022-12-21 08:35:01,tinggal tunggu putus jokowi menko pmk indonesia siap akhir ppkm,0
2022-12-21 08:32:57,good news akhir tahun ppkm akhir akan henti bad news yang bilang pak jokowi,1
2022-12-21 08:32:46,status pandemi jokowi menteri selesai kaji henti ppkm pekan ini,1
2022-12-21 08:32:06,belakang ini kasus hari ada di angka dan mungkin nanti di akhir tahun kita akan nyata henti ps,1
2022-12-21 08:31:39,jadi tahun baru tgl untuk raya menang ganti sambut tahun brothersbrothers mana,1
2022-12-21 08:25:16,ppkm akan segera hapus menko airlangga pandemi sudah jadi endemi,1
